dutyName,dutyTel3,hpid,hv1,hv10,hv11,hv12,hv2,hv3,hv4,hv5,hv6,hv7,hv8,hv9,hvamyn,hvangioayn,hvcc,hvccc,hvctayn,hvec,hvgc,hvicc,hvidate,hvmriayn,hvncc,hvoc,hvventiayn,phpid,rnum
의료법인강릉동인병원,033-650-6105,A2200005,0,0,0,0,0,0,0,Y,0,Y,0,0,Y,N,0,0,Y,18,68,0,20200617123940,Y,0,5,Y,A2200005,1
강원도강릉의료원,033-610-1453,A2200011,0,0,0,0,0,0,0,Y,0,0,0,0,Y,N,0,0,Y,5,36,0,20200617124002,Y,0,2,Y,A2200011,2
강릉아산병원,033-610-3333,A2200008,0,Y,Y,0,0,2,0,Y,1,Y,0,0,Y,N,0,0,Y,0,90,0,20200617124001,Y,2,4,Y,A2200008,3
근로복지공단동해병원,033-530-3119,A2200038,0,0,0,0,0,0,0,Y,0,0,0,0,Y,N,0,0,Y,9,59,5,20200617124000,Y,0,2,Y,A2200038,4
의료법인동해동인병원,033-530-0129,A2200003,0,0,0,0,0,0,0,Y,0,0,0,0,Y,N,0,0,Y,9,27,7,20200617124143,Y,0,0,Y,A2200003,5
강원도삼척의료원,033-570-7431,A2200007,0,0,Y,0,0,0,0,Y,0,0,0,0,Y,N,0,0,Y,17,18,1,20200617124002,Y,0,2,Y,A2200007,6
강원도속초의료원,033-630-6036,A2200012,0,0,0,0,0,0,0,Y,0,0,0,0,Y,N,0,0,Y,19,79,7,20200617124001,Y,0,3,Y,A2200012,7
의료법인보광의료재단속초보광병원,033-639-8989,A2200046,0,0,0,0,0,0,0,Y,0,0,0,0,Y,N,0,0,Y,14,36,5,20200617124150,Y,0,4,Y,A2200046,8
의료법인 성심의료재단 양구성심병원,033-480-8816,A2200037,0,0,0,0,0,0,0,Y,0,0,0,0,Y,N,0,0,Y,5,29,0,20200617123803,N1,0,0,Y,A2200037,9
강원도영월의료원,033-370-9129,A2200002,0,0,0,0,0,0,0,Y,0,0,0,0,Y,N,0,0,Y,10,52,4,20200617124002,Y,0,1,Y,A2200002,10
강원도원주의료원,033-760-4701,A2200015,0,0,0,0,0,0,0,Y,0,0,0,0,Y,N,0,0,Y,5,131,1,20200617124004,Y,0,2,Y,A2200015,11
의료법인성지의료재단성지병원,033-760-3119,A2200024,0,0,0,0,0,0,0,Y,0,0,0,0,Y,N,0,0,Y,5,89,0,20200617123858,Y,0,6,Y,A2200024,12
연세대학교원주세브란스기독병원,033-741-0119,A2200001,0,Y,Y,0,1,3,0,Y,2,Y,0,7,Y,N,0,0,Y,-3,65,0,20200617124000,Y,7,1,Y,A2200001,13
근로복지공단정선병원,033-560-7119,A2200048,0,0,0,0,0,0,0,Y,0,0,0,0,Y,N,0,0,Y,5,29,0,20200617123800,N1,0,0,Y,A2200048,14
철원병원,033-450-3300,A2201730,0,0,0,0,0,0,0,Y,0,0,0,0,Y,N,0,0,Y,9,29,0,20200617124001,Y,0,2,Y,A2201730,15
강원대학교병원,033-258-2245,A2200009,0,Y,Y,0,-3,0,0,Y,0,Y,0,0,Y,N,0,0,Y,10,156,0,20200617123917,Y,10,7,Y,A2200009,16
한림대학교춘천성심병원,033-240-5219,A2200013,0,Y,Y,0,0,0,0,Y,0,Y,0,0,Y,N,0,0,Y,14,40,0,20200617124123,Y,0,7,Y,A2200013,17
근로복지공단태백병원,033-580-3119,A2200004,0,0,0,0,0,0,0,Y,0,0,0,0,Y,N,0,0,Y,8,65,13,20200617123900,Y,0,2,Y,A2200004,18
평창군보건의료원,033-330-4812,E2200026,0,0,0,0,0,0,0,Y,0,0,0,0,Y,N,0,0,Y,7,0,0,20200617123811,N1,0,0,Y,E2200026,19
홍천아산병원,033-430-5119,A2200014,0,0,0,0,0,0,0,Y,0,0,0,0,Y,N,0,0,Y,9,20,2,20200617124003,Y,0,2,Y,A2200014,20
화천군보건의료원,033-440-2880,E2200025,0,0,0,0,0,0,0,0,0,0,0,0,Y,N,0,0,N1,8,0,0,20200617123811,N1,0,0,Y,E2200025,21
횡성대성병원,033-345-1191,A2200016,0,0,0,0,0,0,0,Y,0,0,0,0,Y,N,0,0,Y,10,31,0,20200617124121,Y,0,0,Y,A2200016,22
의료법인명지의료재단명지병원,031-810-7119,A2100042,0,Y,Y,0,0,0,0,Y,0,Y,0,0,Y,N,0,0,Y,6,98,5,20200617123501,Y,3,2,Y,A2100042,23
동국대학교일산불교병원,031-961-7777,A2100047,0,Y,Y,0,8,1,0,Y,0,Y,0,0,Y,N,0,0,Y,16,163,0,20200617123933,Y,19,5,Y,A2100047,24
국민건강보험공단일산병원,1577-0013,A2100033,0,Y,Y,0,1,2,0,Y,0,Y,0,0,Y,N,0,0,Y,9,335,0,20200617124004,Y,1,2,Y,A2100033,25
국립암센터,031-920-0119,A2100049,0,0,N,0,0,0,0,Y,0,Y,0,0,Y,N,0,0,Y,1,3,13,20200617124000,Y,0,2,Y,A2100049,26
인제대학교일산백병원,031-910-7119,A2100038,0,Y,Y,0,0,4,0,Y,0,Y,0,0,Y,N,0,1,Y,15,130,0,20200617123910,Y,1,1,Y,A2100038,27
광명성애병원,02-2680-7115,A2100007,0,Y,Y,0,0,0,0,Y,0,Y,0,0,Y,N,0,0,Y,8,90,8,20200617123853,Y,0,3,Y,A2100007,28
참조은병원,031-881-9119,A2100155,0,0,0,0,0,0,0,Y,0,Y,0,0,Y,N,0,0,Y,13,56,2,20200617123930,Y,0,4,Y,A2100155,29
한양대학교구리병원,NA,A2100039,0,Y,Y,0,2,0,0,Y,0,Y,0,0,Y,N,0,0,Y,12,59,0,20200617124001,Y,5,2,Y,A2100039,30
효산의료재단지샘병원,031-389-3119,A2100054,0,0,0,0,0,0,0,Y,0,Y,0,0,Y,N,0,0,Y,17,78,5,20200617123952,Y,0,4,Y,A2100054,31
원광대학교산본병원,031-390-2345,A2100048,0,0,0,0,0,0,0,Y,0,Y,0,0,Y,N,0,0,Y,11,81,6,20200617123818,Y,0,2,Y,A2100048,32
의료법인우리의료재단김포우리병원,031-999-1119,A2100053,0,0,0,0,0,0,0,Y,0,Y,0,0,Y,N,0,0,Y,15,84,7,20200617124102,Y,0,6,Y,A2100053,33
의료법인인봉의료재단뉴고려병원,031-980-9119,A2100006,0,0,0,0,0,0,0,Y,0,Y,0,0,Y,N,0,0,Y,14,72,0,20200617123833,Y,0,1,Y,A2100006,34
남양주한양병원,031-510-0119,A2100041,0,0,0,0,0,0,0,Y,0,Y,0,0,Y,N,0,0,Y,17,59,14,20200617123838,Y,0,5,Y,A2100041,35
남양주나눔병원,031-570-1118,A2100044,0,0,0,0,0,0,0,Y,0,0,0,0,Y,N,0,0,Y,9,28,0,20200617124017,Y,0,5,Y,A2100044,36
현대병원,031-574-0114,A2100037,0,0,0,0,0,0,0,Y,0,Y,0,0,Y,N,0,0,Y,15,42,1,20200617123641,Y,0,6,Y,A2100037,37
가톨릭대학교부천성모병원,032-340-2100,A2100052,0,Y,Y,0,2,1,0,Y,0,Y,0,0,Y,N,0,0,Y,6,160,0,20200617124110,Y,3,4,Y,A2100052,38
순천향대학교부속부천병원,032-621-5117,A2100005,0,Y,Y,0,1,4,0,Y,0,Y,0,0,Y,N,0,0,Y,9,199,0,20200617124032,Y,1,11,Y,A2100005,39
의료법인대인의료재단다니엘종합병원,032-670-0119,A2100050,0,0,0,0,2,1,0,Y,0,0,0,0,Y,N,0,0,Y,10,64,0,20200617124003,Y,0,5,Y,A2100050,40
의료법인혜원의료재단세종병원,032-340-1119,A2100055,0,Y,Y,0,0,0,0,Y,0,Y,0,0,Y,N,0,0,Y,13,87,2,20200617124108,Y,0,3,Y,A2100055,41
분당서울대학교병원,031-787-3119,A2100001,0,0,Y,0,2,5,0,Y,1,Y,0,0,Y,N,0,0,Y,-36,137,0,20200617124000,Y,6,7,Y,A2100001,42
국군수도병원,031-725-6119,A2100258,0,0,0,0,0,0,0,Y,0,Y,0,0,Y,N,0,0,Y,10,113,23,20200617123609,Y,0,4,Y,A2100258,43
대진의료재단분당제생병원,031-779-0119,A2100025,0,Y,Y,0,3,5,0,Y,0,Y,0,0,Y,N,0,0,Y,8,276,0,20200617123805,Y,0,6,Y,A2100025,44
차의과학대학교분당차병원,031-780-5840,A2100030,0,Y,Y,0,0,0,0,Y,1,Y,0,0,Y,N,0,0,Y,7,161,0,20200617124159,Y,15,9,Y,A2100030,45
순천의료재단정병원,031-750-6003,A2100016,0,0,0,0,0,0,0,Y,0,0,0,0,Y,N,0,0,Y,5,72,3,20200617123358,Y,0,4,Y,A2100016,46
성남중앙병원,031-799-5366,A2100011,0,0,0,0,0,0,0,Y,0,0,0,0,Y,N,0,0,Y,7,102,9,20200617123909,Y,0,4,Y,A2100011,47
의료법인명인의료재단화홍병원,031-8021-6829,A2117135,0,Y,0,0,0,0,0,Y,0,0,0,0,Y,N,0,0,Y,11,319,12,20200617124001,Y,0,5,Y,A2117135,48
아주대학교병원,031-219-7700,A2100002,0,Y,Y,0,1,4,0,Y,2,Y,0,15,Y,N,0,1,Y,0,211,0,20200617124305,Y,11,4,Y,A2100002,49
경기도의료원수원병원,NA,A2100032,0,0,0,0,0,0,0,Y,0,0,0,0,Y,N,0,0,Y,16,66,9,20200617123002,Y,0,3,Y,A2100032,50
의료법인녹산의료재단동수원병원,031-210-0119,A2100009,0,0,Y,0,0,0,0,Y,0,Y,0,0,Y,N,0,0,Y,15,98,6,20200617123732,Y,0,5,Y,A2100009,51
가톨릭대학교성빈센트병원,031-249-7364,A2100012,0,Y,Y,0,0,2,0,Y,3,Y,0,0,Y,N,0,3,Y,-4,174,0,20200617124110,Y,4,10,Y,A2100012,52
의료법인석경의료재단센트럴병원,031-8041-3019,A2100027,0,0,0,0,0,0,0,Y,0,0,0,0,Y,N,0,0,Y,19,72,3,20200617123617,Y,0,3,Y,A2100027,53
의료법인녹향의료재단신천연합병원,031-310-6662,A2100013,0,0,0,0,0,0,0,Y,0,0,0,0,Y,N,0,0,Y,9,76,4,20200617124332,Y,0,2,Y,A2100013,54
의료법인남촌의료재단시흥시화병원,031-8041-5819,A2100008,0,0,0,0,0,0,0,Y,0,0,0,0,Y,N,0,0,Y,9,24,6,20200617124133,Y,0,2,Y,A2100008,55
대아의료재단한도병원,031-8040-1129,A2100017,0,0,0,0,0,0,0,Y,0,Y,0,0,Y,N,0,0,Y,17,74,-1,20200617123527,Y,0,2,Y,A2100017,56
단원병원,031-8040-5911,A2100021,0,0,0,0,0,0,0,Y,0,Y,0,0,Y,N,0,0,Y,12,27,3,20200617123805,Y,0,2,Y,A2100021,57
고려대학교의과대학부속안산병원,031-412-5381,A2100003,0,Y,Y,0,1,1,0,Y,0,Y,0,0,Y,N,0,0,Y,7,137,3,20200617123901,Y,7,3,Y,A2100003,58
근로복지공단안산병원,031-500-1119,A2100014,0,0,0,0,0,0,0,Y,0,0,0,0,Y,N,0,0,Y,7,110,12,20200617123900,Y,0,3,Y,A2100014,59
경기도의료원안성병원,NA,A2100045,0,0,0,0,0,0,0,0,0,0,0,0,Y,N,0,0,N1,14,163,13,20200617124002,N1,0,5,Y,A2100045,60
안성성모병원,031-675-8275,A2100305,0,0,0,0,0,0,0,Y,0,0,0,0,Y,N,0,0,Y,7,81,1,20200617124134,Y,0,2,Y,A2100305,61
한림대학교성심병원,031-380-4130,A2100004,0,Y,Y,0,1,1,0,Y,0,Y,0,0,Y,N,1,2,Y,11,124,0,20200617123709,Y,7,15,Y,A2100004,62
효산의료재단안양샘병원,031-467-9119,A2100015,0,0,0,0,0,0,0,Y,0,Y,0,0,Y,N,0,0,Y,15,64,-1,20200617123730,Y,0,3,Y,A2100015,63
양주예쓰병원,031-839-1119,A2100134,0,0,0,0,0,0,0,Y,0,0,0,0,Y,N,0,0,Y,9,74,0,20200617123545,Y,0,2,Y,A2100134,64
양평병원,031-770-5129,A2100089,0,0,0,0,0,0,0,Y,0,0,0,0,Y,N,0,0,Y,9,46,0,20200617124002,Y,0,3,Y,A2100089,65
세종여주병원,031-880-7754,A2100194,0,0,0,0,0,0,0,Y,0,0,0,0,Y,N,0,0,Y,7,66,0,20200617123929,Y,0,2,Y,A2100194,66
연천군보건의료원,031-839-4119,E2100187,0,0,0,0,0,0,0,Y,0,0,0,0,Y,N,0,0,Y,9,49,0,20200617124124,N1,0,2,Y,E2100187,67
오산한국병원,031-378-5119,A2100024,0,Y,0,0,0,0,0,Y,0,Y,0,0,Y,N,0,0,Y,19,125,8,20200617124037,Y,0,5,Y,A2100024,68
조은오산병원,031-373-8119,A2114449,0,0,0,0,0,0,0,Y,0,0,0,0,Y,N,0,0,Y,10,112,0,20200617123549,Y,0,4,N1,A2114449,69
연세대학교의과대학용인세브란스병원,031-5189-9001,A2100020,0,Y,Y,0,0,0,0,Y,0,Y,0,0,Y,N,0,0,Y,15,77,5,20200617123942,Y,5,0,Y,A2100020,70
강남병원,031-300-0129,A2100029,0,0,0,0,0,0,0,Y,0,0,0,0,Y,N,0,0,Y,16,145,0,20200617124119,Y,0,2,Y,A2100029,71
(의)효심의료재단용인서울병원,031-322-0001,A2100122,0,0,0,0,0,0,0,Y,0,0,0,0,Y,N,0,0,Y,9,143,0,20200617124047,Y,0,3,Y,A2100122,72
(의)영문의료재단다보스병원,031-8021-2130,A2100019,0,0,0,0,0,0,0,Y,0,0,0,0,Y,N,0,0,Y,16,74,9,20200617124116,Y,0,6,Y,A2100019,73
의료법인영동의료재단의정부백병원,031-842-1211,A2100034,0,0,0,0,0,0,0,Y,0,0,0,0,Y,N,0,0,Y,10,72,3,20200617124336,Y,0,3,Y,A2100034,74
가톨릭대학교의정부성모병원,031-820-3300,A2100040,0,Y,Y,0,0,0,0,Y,0,Y,0,6,Y,N,0,0,Y,13,185,-1,20200617124110,Y,8,6,Y,A2100040,75
추병원,031-845-8313,A2100150,0,0,0,0,0,0,0,Y,0,Y,0,0,Y,N,0,0,Y,10,74,7,20200617123707,Y,0,3,Y,A2100150,76
경기도의료원의정부병원,031-828-5119,A2100043,0,0,0,0,0,0,0,Y,0,0,0,0,Y,N,0,0,Y,10,60,6,20200617124002,Y,0,3,Y,A2100043,77
경기도의료원이천병원,031-630-4333,A2100193,0,0,0,0,0,0,0,Y,0,0,0,0,Y,N,0,0,Y,18,57,5,20200617123902,Y,0,4,Y,A2100193,78
경기도의료원파주병원,031-940-9129,A2100035,0,0,0,0,0,0,0,Y,0,0,0,0,Y,N,0,0,Y,18,117,8,20200617123902,Y,0,3,Y,A2100035,79
의료법인갈렌의료재단박병원,070-4832-4733,A2100309,0,0,0,0,0,0,0,Y,0,0,0,0,Y,N,0,0,Y,8,42,1,20200617123933,Y,0,4,Y,A2100309,80
의료법인백송의료재단굿모닝병원,031-5182-7582,A2100028,0,0,0,0,0,0,0,Y,0,Y,0,0,Y,N,0,0,Y,22,39,6,20200617124131,Y,0,6,Y,A2100028,81
의료법인박애의료재단박애병원,031-650-9219,A2100022,0,0,0,0,0,0,0,Y,0,0,0,0,Y,N,0,0,Y,12,97,8,20200617123937,Y,0,5,Y,A2100022,82
의료법인양진의료재단평택성모병원,070-5012-3549,A2113246,0,0,0,0,0,0,0,Y,0,Y,0,0,Y,N,0,0,Y,16,128,5,20200617124104,Y,0,0,Y,A2113246,83
의료법인일심의료재단우리병원,031-542-0222,A2100036,0,0,0,0,0,0,0,Y,0,0,0,0,Y,N,0,0,Y,8,77,9,20200617123949,Y,0,2,Y,A2100036,84
경기도의료원포천병원,031-539-9119,A2100031,0,0,Y,0,0,0,0,Y,0,0,0,0,Y,N,0,0,Y,20,125,10,20200617124002,Y,0,4,Y,A2100031,85
화성디에스병원,031-5180-7777,A2116761,0,0,0,0,0,0,0,Y,0,0,0,0,Y,N,0,0,Y,8,49,0,20200617123928,Y,0,3,Y,A2116761,86
한림대학교동탄성심병원,031-8086-2119,A2100046,0,Y,Y,0,1,0,0,Y,0,Y,0,0,Y,N,0,0,Y,26,222,0,20200617124033,Y,0,6,Y,A2100046,87
의료법인은혜와감사의료재단화성중앙종합병원,031-371-7998,A2100018,0,0,0,0,0,0,0,Y,0,0,0,0,Y,N,0,0,Y,8,21,5,20200617124056,Y,0,3,Y,A2100018,88
의료법인원광의료재단원광종합병원,031-8077-7219,A2115699,0,0,0,0,0,0,0,Y,0,0,0,0,Y,N,0,0,Y,6,92,6,20200617124039,Y,0,2,Y,A2115699,89
의료법인거붕백병원,055-733-0180,A2800008,0,0,0,0,0,0,0,Y,0,0,0,0,Y,N,0,0,Y,7,21,3,20200617124137,Y,0,3,Y,A2800008,90
의료법인대우의료재단대우병원,055-680-8119,A2800005,0,0,0,0,0,0,0,Y,0,0,0,0,Y,N,0,0,Y,9,42,3,20200617123853,Y,0,4,Y,A2800005,91
의료법인성념의료재단맑은샘병원,055-736-0119,A2800022,0,0,0,0,0,0,0,Y,0,0,0,0,Y,N,0,0,Y,10,28,0,20200617123800,Y,0,2,Y,A2800022,92
강병원,055-673-4848,A2800032,0,0,0,0,0,0,0,Y,0,0,0,0,Y,N,0,0,Y,10,38,0,20200617123828,Y,0,1,Y,A2800032,93
강일병원,055-822-0119,A2803677,0,0,0,0,0,0,0,Y,0,Y,0,0,Y,N,0,0,Y,8,12,0,20200617123755,Y,0,2,Y,A2803677,94
의료법인환명의료재단조은금강병원,055-330-0200,A2800010,0,0,0,0,0,0,0,Y,0,Y,0,0,Y,N,0,0,Y,8,61,1,20200617124118,Y,0,0,Y,A2800010,95
의료법인보원의료재단경희의료원교육협력중앙병원,055-330-6117,A2800016,0,0,0,0,0,0,0,Y,0,Y,0,0,Y,N,0,0,Y,14,69,12,20200617124000,Y,0,6,Y,A2800016,96
의료법인갑을의료재단갑을장유병원,055-310-6119,A2800014,0,0,0,0,0,0,0,Y,0,0,0,0,Y,N,0,0,Y,19,73,0,20200617124119,Y,0,4,Y,A2800014,97
의료법인숭인의료재단김해복음병원,055-330-8844,A2800006,0,0,0,0,0,0,0,Y,0,0,0,0,Y,N,0,0,Y,8,73,0,20200617123855,Y,0,2,Y,A2800006,98
의료법인이도의료재단남해병원,055-860-6630,A2800094,0,0,0,0,0,0,0,Y,0,0,0,0,Y,N,0,0,Y,8,53,0,20200617120607,Y,0,2,Y,A2800094,99
의료법인생명사랑의료재단밀양윤병원,070-5130-3823,A2800057,0,0,0,0,0,0,0,Y,0,Y,0,0,Y,N,0,0,Y,8,59,0,20200617124001,Y,0,2,Y,A2800057,100
의료법인승연의료재단 삼천포서울병원,055-830-9019,A2800068,0,0,0,0,0,0,0,Y,0,0,0,0,Y,N,0,0,Y,10,11,0,20200617123947,Y,0,1,Y,A2800068,101
삼천포제일병원,055-830-3099,A2800101,0,0,0,0,0,0,0,Y,0,0,0,0,Y,N,0,0,Y,9,110,0,20200617123709,Y,0,2,Y,A2800101,102
양산부산대학교병원,055-360-1467,A2800011,0,Y,Y,0,2,8,0,Y,5,Y,0,0,Y,N,0,4,Y,-7,196,0,20200617123827,Y,15,3,Y,A2800011,103
웅상중앙병원,055-912-0119,A2803301,0,0,0,0,0,0,0,Y,0,Y,0,0,Y,N,0,0,Y,10,76,7,20200617123705,Y,0,1,Y,A2803301,104
베데스다병원,055-781-9911,A2800019,0,0,0,0,0,0,0,Y,0,0,0,0,Y,N,0,0,Y,9,99,0,20200617124050,Y,0,4,Y,A2800019,105
의령병원,055-573-6806,A2800090,0,0,0,0,0,0,0,Y,0,0,0,0,Y,N,0,0,Y,4,31,0,20200617123844,N1,0,0,Y,A2800090,106
경상대학교병원,055-750-8282,A2800001,0,Y,Y,0,0,2,0,Y,0,Y,0,0,Y,N,0,0,Y,9,158,0,20200617123900,Y,16,7,Y,A2800001,107
반도병원,055-749-0200,A2800084,0,0,0,0,0,0,0,Y,0,0,0,0,Y,N,0,0,Y,7,62,0,20200617124006,Y,0,0,Y,A2800084,108
진주고려병원,055-751-2525,A2800015,0,0,0,0,0,0,0,Y,0,Y,0,0,Y,N,0,0,Y,9,77,1,20200617124046,Y,0,0,Y,A2800015,109
한일병원,055-750-1333,A2800043,0,0,0,0,0,0,0,Y,0,Y,0,0,Y,N,0,0,Y,10,37,0,20200617123721,Y,0,3,Y,A2800043,110
진주복음병원,055-749-7119,A2800037,0,0,0,0,0,0,0,Y,0,0,0,0,Y,N,0,0,Y,9,59,0,20200617124002,Y,0,3,Y,A2800037,111
제일병원,055-750-7119,A2800003,0,0,0,0,0,0,0,Y,0,Y,0,0,Y,N,0,0,Y,17,53,7,20200617124004,Y,0,3,Y,A2800003,112
태황의료재단한성병원,055-530-5119,A2800062,0,0,0,0,0,0,0,Y,0,0,0,0,Y,N,0,0,Y,10,24,0,20200617124031,Y,0,2,Y,A2800062,113
경상남도마산의료원,055-249-1119,A2800025,0,0,N,0,0,0,0,Y,0,0,0,0,Y,N,0,0,Y,13,169,6,20200617123001,Y,0,4,Y,A2800025,114
의료법인합포의료재단에스엠지연세병원,055-240-7777,A2800017,0,0,0,0,0,0,0,Y,0,Y,0,0,Y,N,0,0,Y,10,98,8,20200617124115,Y,0,4,Y,A2800017,115
의료법인청아의료재단청아병원,055-230-1700,A2800009,0,0,0,0,0,0,0,Y,0,0,0,0,Y,N,0,0,Y,10,89,0,20200617123910,Y,0,2,Y,A2800009,116
학교법인성균관대학삼성창원병원,055-233-6119,A2800020,0,Y,Y,0,2,1,0,Y,0,Y,0,0,Y,N,0,0,Y,7,39,0,20200617123907,Y,9,9,Y,A2800020,117
창원경상대학교병원,055-214-1339,A2803505,0,Y,Y,0,0,0,0,Y,0,Y,0,0,Y,N,0,0,Y,15,144,7,20200617123900,Y,8,9,Y,A2803505,118
의료법인한마음국제의료재단한마음창원병원,055-268-7333,A2800007,0,0,Y,0,0,0,0,Y,0,Y,0,0,Y,N,0,0,Y,12,90,12,20200617123908,Y,0,2,Y,A2800007,119
근로복지공단 창원병원,055-280-0400,A2800012,0,0,0,0,0,0,0,Y,0,0,0,0,Y,N,0,0,Y,4,109,2,20200617123700,Y,0,2,Y,A2800012,120
재단법인대구포교성베네딕도수녀회창원파티마병원,055-270-1119,A2800004,0,Y,Y,0,3,2,0,Y,0,Y,0,0,Y,N,0,0,Y,10,90,0,20200617121750,Y,2,5,Y,A2800004,121
연세에스병원,055-548-7789,A2800021,0,0,0,0,0,0,0,Y,0,Y,0,0,Y,N,0,0,Y,8,101,3,20200617124112,Y,0,3,Y,A2800021,122
새통영병원,055-640-4119,A2800092,0,0,0,0,0,0,0,Y,0,0,0,0,Y,N,0,0,Y,10,49,0,20200617123704,Y,0,2,Y,A2800092,123
함양성심병원,055-964-4322,A2800080,0,0,0,0,0,0,0,Y,0,0,0,0,Y,N,0,0,Y,5,6,0,20200617123030,N1,0,1,Y,A2800080,124
삼성합천병원,070-5125-5030,A2800055,0,0,0,0,0,0,0,Y,0,0,0,0,Y,N,0,0,Y,6,21,0,20200617124001,Y,0,2,Y,A2800055,125
의)근원의료재단경산중앙병원,053-715-0119,A2700019,0,0,0,0,0,0,0,Y,0,0,0,0,Y,N,0,0,Y,10,104,5,20200617124010,Y,0,3,Y,A2700019,126
의료법인서명의료재단세명병원,053-819-8500,A2700036,0,0,0,0,0,0,0,Y,0,0,0,0,Y,N,0,0,Y,12,71,1,20200617123850,Y,0,3,Y,A2700036,127
동국대학교의과대학경주병원,054-770-8306,A2700003,0,Y,Y,0,3,1,0,Y,0,Y,0,0,Y,N,0,0,Y,10,42,0,20200617124054,Y,0,4,Y,A2700003,128
의료법인고령영생병원,070-7475-0024,A2700070,0,0,0,0,0,0,0,Y,0,0,0,0,Y,N,0,0,Y,7,33,0,20200617124124,N1,0,1,Y,A2700070,129
순천향대학교부속구미병원,054-468-9119,A2700013,0,0,0,0,0,0,0,Y,0,Y,0,0,Y,N,0,0,Y,15,121,5,20200617124032,Y,0,3,Y,A2700013,130
차의과학대학교부속구미차병원,054-450-9997,A2700007,0,Y,Y,0,0,0,0,Y,0,Y,0,0,Y,N,0,0,Y,12,59,2,20200617124004,Y,6,4,Y,A2700007,131
구미강동병원,054-478-9521,A2700015,0,0,0,0,0,0,0,Y,0,Y,0,0,Y,N,0,0,Y,9,75,3,20200617123936,Y,0,5,Y,A2700015,132
경상북도김천의료원,054-429-8234,A2700018,0,0,0,0,0,0,0,Y,0,0,0,0,Y,N,0,0,Y,8,42,0,20200617123501,Y,0,5,Y,A2700018,133
의료법인덕산의료재단김천제일병원,054-420-9500,A2700012,0,0,0,0,0,0,0,Y,0,Y,0,0,Y,N,0,0,Y,16,45,2,20200617123923,Y,0,3,Y,A2700012,134
의료법인동춘의료재단문경제일병원,054-550-7777,A2700006,0,0,0,0,0,0,0,Y,0,0,0,0,Y,N,0,0,Y,17,63,2,20200617124000,Y,0,3,Y,A2700006,135
의료법인서일의료재단문경중앙병원,054-554-3119,A2700067,0,0,0,0,0,0,0,Y,0,0,0,0,Y,N,0,0,Y,5,23,0,20200617122027,N1,0,0,Y,A2700067,136
의료법인삼백의료재단상주성모병원,054-530-7811,A2700009,0,0,0,0,0,0,0,Y,0,0,0,0,Y,N,0,0,Y,10,49,1,20200617124116,Y,0,3,Y,A2700009,137
상주적십자병원,054-530-3171,A2700011,0,0,0,0,0,0,0,Y,0,0,0,0,Y,N,0,0,Y,6,71,6,20200617123907,Y,0,3,Y,A2700011,138
의료법인석촌의료재단성주무강병원,054-932-1909,A2700030,0,0,0,0,0,0,0,Y,0,0,0,0,Y,N,0,0,Y,6,35,0,20200617124140,N1,0,1,Y,A2700030,139
안동성소병원,054-850-8282,A2700004,0,0,Y,0,0,0,0,Y,0,Y,0,0,Y,N,0,0,Y,13,194,6,20200617124108,Y,0,3,Y,A2700004,140
의료법인안동병원,054-840-0119,A2700014,0,Y,Y,0,0,0,0,Y,0,Y,0,6,Y,N,0,0,Y,11,177,0,20200617123913,Y,10,6,Y,A2700014,141
경상북도안동의료원,054-850-6100,A2700001,0,0,0,0,0,0,0,Y,0,0,0,0,Y,N,0,0,Y,4,101,9,20200617124002,Y,0,3,Y,A2700001,142
영주기독병원,054-635-3050,A2700031,0,0,Y,0,0,0,0,Y,0,0,0,0,Y,N,0,0,Y,5,17,0,20200617124101,N1,0,1,Y,A2700031,143
영주적십자병원,054-630-0112,A2702752,0,0,0,0,0,0,0,Y,0,0,0,0,Y,N,0,0,Y,10,79,4,20200617124034,Y,0,2,Y,A2702752,144
영남대학교의과대학부속영천병원,054-330-7575,A2700017,0,0,0,0,0,0,0,Y,0,0,0,0,Y,N,0,0,Y,6,28,5,20200617124043,Y,0,4,Y,A2700017,145
예천권병원,054-653-8912,A2700023,0,0,Y,0,0,0,0,Y,0,0,0,0,Y,N,0,0,Y,9,69,0,20200617124018,Y,0,2,Y,A2700023,146
울릉군보건의료원,054-790-6911,E2700553,0,0,0,0,0,0,0,Y,0,0,0,0,Y,N,0,0,Y,5,0,0,20200617123811,N1,0,1,Y,E2700553,147
울진군의료원,054-785-7119,A2700052,0,0,0,0,0,0,0,Y,0,0,0,0,Y,N,0,0,Y,10,38,0,20200617124002,Y,0,3,Y,A2700052,148
의료법인영제의료재단 영남제일병원,054-861-9111,A2700063,0,0,0,0,0,0,0,Y,0,0,0,0,Y,N,0,0,Y,5,27,0,20200617124136,N1,0,1,Y,A2700063,149
의료법인대남의료재단청도대남병원,NA,A2700038,0,0,0,0,0,0,0,Y,0,0,0,0,Y,N,0,0,Y,10,79,0,20200617124112,Y,0,1,Y,A2700038,150
청송군보건의료원,054-870-7119,E2700554,0,0,0,0,0,0,0,0,0,0,0,0,Y,N,0,0,N1,6,0,0,20200617123811,N1,0,0,Y,E2700554,151
포항성모병원,054-272-0151,A2700016,0,Y,Y,0,0,0,0,Y,0,Y,0,0,Y,N,0,0,Y,15,96,2,20200617124113,Y,0,7,Y,A2700016,152
포항세명기독병원,054-289-1711,A2700002,0,0,0,0,0,0,0,Y,0,Y,0,0,Y,N,0,0,Y,14,92,3,20200617123952,Y,0,7,Y,A2700002,153
에스포항병원,054-289-9120,A2700008,0,0,0,0,0,0,0,Y,0,Y,0,0,Y,N,0,0,Y,5,22,0,20200617123725,Y,0,3,Y,A2700008,154
의료법인은성의료재단좋은선린병원,054-245-5200,A2702563,0,0,0,0,0,0,0,Y,0,Y,0,0,Y,N,0,0,Y,11,88,5,20200617123715,Y,0,2,Y,A2702563,155
경상북도포항의료원,054-245-0129,A2700005,0,0,0,0,0,0,0,Y,0,0,0,0,Y,N,0,0,Y,10,81,10,20200617123502,Y,0,2,Y,A2700005,156
신가병원,062-610-8119,A1500006,0,0,0,0,0,0,0,Y,0,0,0,0,Y,N,0,0,Y,10,71,0,20200617123732,Y,0,3,Y,A1500006,157
KS병원,062-975-9119,A1500019,0,0,0,0,0,0,0,Y,0,Y,0,0,Y,N,0,0,Y,15,43,-2,20200617123857,Y,0,1,Y,A1500019,158
하남성심병원,062-958-1250,A1500017,0,0,0,0,0,0,0,Y,0,0,0,0,Y,N,0,0,Y,16,54,3,20200617123952,Y,0,4,Y,A1500017,159
광주수완병원,062-958-1119,A1500018,0,0,0,0,0,0,0,Y,0,0,0,0,Y,N,0,0,Y,10,35,0,20200617124008,Y,0,2,Y,A1500018,160
광주보훈병원,062-602-6119,A1500004,0,0,0,0,0,0,0,Y,0,Y,0,0,Y,N,0,0,Y,8,81,17,20200617123823,Y,0,7,Y,A1500004,161
첨단종합병원,062-601-8119,A1500011,0,0,0,0,0,0,0,Y,0,Y,0,0,Y,N,0,0,Y,20,70,14,20200617124054,Y,0,5,Y,A1500011,162
동아병원,062-650-2515,A1500013,0,0,0,0,0,0,0,Y,0,0,0,0,Y,N,0,0,Y,9,92,0,20200617124133,Y,0,6,Y,A1500013,163
광주씨티병원,062-460-7119,A1500009,0,0,0,0,0,0,0,Y,0,0,0,0,Y,N,0,0,Y,8,32,0,20200617123850,Y,0,3,Y,A1500009,164
광주기독병원,062-650-5119,A1500021,0,Y,Y,0,0,4,0,Y,0,Y,0,0,Y,N,0,0,Y,17,89,0,20200617123646,Y,4,3,Y,A1500021,165
전남대학교병원,062-220-6801,A1500002,0,Y,Y,0,1,2,0,Y,2,Y,0,3,Y,N,5,0,Y,-10,198,2,20200617123944,Y,1,5,Y,A1500002,166
조선대학교병원,062-220-3280,A1500001,0,Y,Y,0,0,0,0,Y,2,Y,0,0,Y,N,0,0,Y,6,220,0,20200617123907,Y,8,8,Y,A1500001,167
광주병원,062-260-7119,A1500015,0,0,0,0,0,0,0,Y,0,Y,0,0,Y,N,0,0,Y,7,56,3,20200617123808,Y,0,4,Y,A1500015,168
운암한국병원,062-608-8119,A1500010,0,0,0,0,0,0,0,Y,0,0,0,0,Y,N,0,0,Y,10,43,0,20200617124021,Y,0,2,Y,A1500010,169
광주현대병원,062-570-0119,A1500003,0,0,0,0,0,0,0,Y,0,0,0,0,Y,N,0,0,Y,9,89,0,20200617123046,Y,0,4,Y,A1500003,170
광주일곡병원,062-608-7119,A1500005,0,0,0,0,0,0,0,Y,0,0,0,0,Y,N,0,0,Y,7,22,0,20200617123855,Y,0,2,Y,A1500005,171
광주희망병원,062-608-6119,A1500007,0,0,0,0,0,0,0,Y,0,0,0,0,Y,N,0,0,Y,9,25,0,20200617123820,Y,0,3,Y,A1500007,172
서광병원,062-600-8119,A1500020,0,0,0,0,0,0,0,Y,0,0,0,0,Y,N,0,0,Y,18,42,-3,20200617124019,Y,0,2,Y,A1500020,173
상무병원,062-600-7119,A1500022,0,0,0,0,0,0,0,Y,0,0,0,0,Y,N,0,0,Y,10,68,0,20200617123844,Y,0,2,Y,A1500022,174
광주한국병원,062-380-3119,A1500016,0,0,0,0,0,0,0,Y,0,0,0,0,Y,N,0,0,Y,15,42,0,20200617124137,Y,0,3,Y,A1500016,175
미래로21병원,062-450-1119,A1500014,0,0,0,0,0,0,0,Y,0,Y,0,0,Y,N,0,0,Y,9,67,2,20200617124111,Y,0,3,Y,A1500014,176
드림병원,053-640-8575,A1300034,0,0,0,0,0,0,0,Y,0,Y,0,0,Y,N,0,0,Y,8,68,0,20200617123925,Y,0,3,Y,A1300034,177
대구가톨릭대학교병원,053-650-4194,A1300004,0,Y,Y,0,0,4,0,Y,2,Y,0,0,Y,N,0,0,Y,7,166,0,20200617123653,Y,19,7,Y,A1300004,178
영남대학교병원,053-620-3177,A1300001,0,Y,Y,0,1,0,0,Y,1,Y,0,0,Y,N,0,0,Y,-7,114,0,20200617124003,Y,-1,7,Y,A1300001,179
의료법인구의료재단구병원,053-557-7119,A1300006,0,0,0,0,0,0,0,Y,0,0,0,0,Y,N,0,0,Y,9,94,0,20200617124144,Y,0,8,Y,A1300006,180
계명대학교동산병원,053-250-6321,A1300003,0,Y,Y,0,0,0,0,Y,0,Y,0,0,Y,N,2,0,Y,-7,126,3,20200617124056,Y,5,5,Y,A1300003,181
더블유병원,053-550-5019,A1300110,0,0,0,0,0,0,0,Y,0,0,0,0,Y,N,0,0,Y,3,36,0,20200617124037,Y,0,2,Y,A1300110,182
한국보훈복지의료공단대구보훈병원,053-630-7014,A1300011,0,0,0,0,0,0,0,Y,0,Y,0,0,Y,N,0,0,Y,10,59,12,20200617124035,Y,0,5,Y,A1300011,183
삼일병원,053-659-3119,A1300045,0,0,0,0,0,0,0,Y,0,0,0,0,Y,N,0,0,Y,8,32,0,20200617124120,Y,0,0,Y,A1300045,184
나사렛종합병원,053-643-1400,A1300038,0,0,0,0,0,0,0,Y,0,Y,0,0,Y,N,0,0,Y,10,118,4,20200617124008,Y,0,3,Y,A1300038,185
대구파티마병원,053-940-7119,A1300009,0,Y,Y,0,-1,4,0,Y,4,Y,0,0,Y,N,0,0,Y,-12,179,0,20200617124000,Y,16,7,Y,A1300009,186
대구가톨릭대학교 칠곡가톨릭병원,053-320-2111,A1300005,0,0,0,0,0,0,0,Y,0,0,0,0,Y,N,0,0,Y,10,34,0,20200617124005,Y,0,3,Y,A1300005,187
칠곡경북대학교병원,053-200-2110,A1300010,0,Y,Y,0,0,0,0,Y,0,Y,0,0,Y,N,0,0,Y,7,125,1,20200617123906,Y,0,5,Y,A1300010,188
대구의료원,053-560-7288,A1300007,0,0,Y,0,0,0,0,Y,0,0,0,0,Y,N,0,0,Y,10,37,14,20200617124002,Y,0,4,Y,A1300007,189
(재)미리내천주성삼성직수도회천주성삼병원,053-790-0555,A1300081,0,0,0,0,0,0,0,Y,0,0,0,0,Y,N,0,0,Y,10,21,0,20200617124003,Y,0,2,Y,A1300081,190
곽병원,053-605-3333,A1300008,0,Y,0,0,0,0,0,Y,0,0,0,0,Y,N,0,0,Y,8,61,0,20200617124025,Y,0,2,Y,A1300008,191
경북대학교병원,053-200-5100,A1300002,0,Y,Y,0,0,0,0,Y,0,Y,0,4,Y,N,0,3,Y,1,78,0,20200617123706,Y,7,6,Y,A1300002,192
근로복지공단대전병원,042-670-5119,A1600009,0,0,0,0,0,0,0,Y,0,0,0,0,Y,N,0,0,Y,4,65,4,20200617123600,Y,0,3,Y,A1600009,193
대전보훈병원,042-939-0100,A1600004,0,0,0,0,0,0,0,Y,0,Y,0,0,Y,N,0,0,Y,7,80,3,20200617124012,Y,0,4,Y,A1600004,194
대전한국병원,042-606-1119,A1600003,0,0,Y,0,0,0,0,Y,0,Y,0,0,Y,N,0,0,Y,2,99,5,20200617124003,Y,0,4,Y,A1600003,195
대청병원,042-589-0119,A1602246,0,0,0,0,0,0,0,Y,0,0,0,0,Y,N,0,0,Y,9,105,1,20200617124007,Y,0,2,Y,A1602246,196
학교법인건양교육재단건양대학교병원,042-600-9119,A1600006,0,Y,Y,0,0,0,0,Y,0,Y,0,0,Y,N,0,0,Y,12,128,3,20200617123844,Y,6,10,Y,A1600006,197
학교법인을지학원대전을지대학교병원,042-259-1119,A1600002,0,Y,Y,0,0,-1,0,Y,0,Y,0,2,Y,N,0,0,Y,15,95,0,20200617124000,Y,11,6,Y,A1600002,198
의료법인영훈의료재단유성선병원,042-609-1119,A1600007,0,0,0,0,0,0,0,Y,0,Y,0,0,Y,N,0,0,Y,15,75,8,20200617124133,Y,0,0,Y,A1600007,199
학교법인가톨릭학원가톨릭대학교대전성모병원,042-220-9118,A1600005,0,Y,Y,0,0,3,0,Y,0,Y,0,0,Y,N,0,0,Y,11,144,0,20200617124006,Y,3,8,Y,A1600005,200
의료법인영훈의료재단대전선병원,042-220-8129,A1600008,0,0,Y,0,0,0,0,Y,0,Y,0,0,Y,N,0,0,Y,14,90,4,20200617123957,Y,0,3,Y,A1600008,201
충남대학교병원,042-280-8129,A1600001,0,Y,Y,0,0,0,0,Y,0,Y,0,0,Y,N,0,0,Y,-6,245,0,20200617124101,Y,14,9,Y,A1600001,202
(의)서일의료재단기장병원,051-723-2119,A1200028,0,0,0,0,0,0,0,Y,0,0,0,0,Y,N,0,0,Y,10,63,0,20200617124119,Y,0,2,Y,A1200028,203
동남권원자력의학원,051-720-5911,A1200015,0,0,0,0,0,0,0,Y,0,Y,0,0,Y,N,0,0,Y,6,43,5,20200617123802,Y,0,5,Y,A1200015,204
부산성모병원(재단법인천주교부산교구유지재단),051-933-7119,A1200013,0,Y,Y,0,0,0,0,Y,0,Y,0,0,Y,N,0,0,Y,17,145,1,20200617123820,Y,14,8,Y,A1200013,205
좋은문화병원,051-630-0909,A1200026,0,Y,Y,0,0,0,0,Y,0,0,0,0,Y,N,0,0,Y,5,72,2,20200617124232,Y,7,4,Y,A1200026,206
의료법인정화의료재단김원묵기념봉생병원,051-664-4119,A1200017,0,0,0,0,3,7,0,Y,0,Y,0,0,Y,N,0,0,Y,10,75,0,20200617123655,Y,0,7,Y,A1200017,207
동래봉생병원,051-520-5700,A1200011,0,0,0,0,0,0,0,Y,0,Y,0,0,Y,N,0,0,Y,10,71,5,20200617123644,Y,0,3,Y,A1200011,208
대동병원,051-550-9391,A1200018,0,0,0,0,0,0,0,Y,0,Y,0,0,Y,N,0,0,Y,10,106,5,20200617123937,Y,0,6,Y,A1200018,209
의료법인광혜의료재단광혜병원,051-504-2119,A1200009,0,0,0,0,0,0,0,Y,0,0,0,0,Y,N,0,0,Y,10,79,1,20200617124047,Y,0,2,Y,A1200009,210
의료법인 온그룹의료재단 온종합병원,051-607-0139,A1200020,0,0,0,0,0,0,0,Y,0,Y,0,0,Y,N,0,0,Y,25,36,14,20200617124050,Y,0,1,Y,A1200020,211
인제대학교부산백병원,051-890-8934,A1200001,0,Y,Y,0,2,2,0,Y,1,Y,0,0,Y,N,0,0,Y,10,115,0,20200617123738,Y,5,8,Y,A1200001,212
학교법인)동의병원,051-850-8777,A1200019,0,0,0,0,0,0,0,Y,0,Y,0,0,Y,N,0,0,Y,13,65,14,20200617124100,Y,0,1,Y,A1200019,213
학교법인 춘해병원,051-632-3119,A1200025,0,0,0,0,0,0,0,Y,0,0,0,0,Y,N,0,0,Y,9,63,0,20200617122048,Y,0,4,Y,A1200025,214
구포성심병원,051-330-2090,A1200045,0,0,0,0,0,0,0,Y,0,Y,0,0,Y,N,0,0,Y,8,35,0,20200617123844,Y,0,0,Y,A1200045,215
의료법인인당의료재단부민병원,051-330-3129,A1200006,0,0,0,0,0,0,0,Y,0,Y,0,0,Y,N,0,0,Y,10,50,4,20200617124126,Y,0,5,Y,A1200006,216
의료법인은성의료재단좋은삼선병원,051-310-9119,A1200005,0,0,0,0,0,0,0,Y,0,Y,0,0,Y,N,0,0,Y,9,27,7,20200617124127,Y,0,1,Y,A1200005,217
한국보훈복지의료공단 부산보훈병원,051-601-6180,A1200016,0,0,0,0,0,0,0,Y,0,Y,0,0,Y,N,0,0,Y,10,23,2,20200617123911,Y,0,6,Y,A1200016,218
고신대학교복음병원,051-990-3008,A1200004,0,Y,Y,0,0,2,0,Y,2,Y,0,0,Y,N,1,0,Y,2,867,0,20200617124047,Y,10,2,Y,A1200004,219
부산대학교병원,051-240-7776,A1200002,0,Y,Y,0,2,0,0,Y,1,Y,0,19,Y,N,0,0,Y,11,269,8,20200617111730,Y,7,12,Y,A1200002,220
동아대학교병원,051-240-5301,A1200003,0,Y,Y,0,0,0,0,Y,3,Y,0,0,Y,N,0,0,Y,13,80,8,20200617124024,Y,1,6,Y,A1200003,221
삼육부산병원,051-600-7750,A1200021,0,0,Y,0,0,0,0,Y,0,0,0,0,Y,N,0,0,Y,8,25,0,20200617124000,Y,0,2,Y,A1200021,222
의료법인 은성의료재단 좋은강안병원,051-610-9119,A1200008,0,0,0,0,0,0,0,Y,0,Y,0,0,Y,N,0,0,Y,11,59,6,20200617124130,Y,0,4,Y,A1200008,223
비에이치에스한서병원,070-7321-0119,A1200007,0,0,0,0,0,0,0,Y,0,Y,0,0,Y,N,0,0,Y,18,98,10,20200617124026,Y,0,4,Y,A1200007,224
부산광역시의료원,051-607-2140,A1200024,0,0,Y,0,3,5,0,Y,0,Y,0,0,Y,N,0,0,Y,17,220,0,20200617123500,Y,0,5,Y,A1200024,225
해동병원,051-410-6695,A1200012,0,0,0,0,0,0,0,Y,0,0,0,0,Y,N,0,0,Y,9,56,5,20200617124110,Y,0,3,Y,A1200012,226
영도병원,051-419-7575,A1200014,0,0,0,0,0,0,0,Y,0,0,0,0,Y,N,0,0,Y,9,63,0,20200617124114,Y,0,3,Y,A1200014,227
재단법인천주교부산교구유지재단 메리놀병원,051-461-2300,A1200023,0,0,0,0,0,0,0,Y,0,Y,0,0,Y,N,0,0,Y,8,136,12,20200617123815,Y,0,5,Y,A1200023,228
의료법인인당의료재단해운대부민병원,051-602-8119,A1205143,0,0,0,0,0,0,0,Y,0,0,0,0,Y,N,0,0,Y,9,54,6,20200617124134,Y,0,4,Y,A1205143,229
인제대학교해운대백병원,051-797-0119,A1200022,0,Y,Y,0,1,1,0,Y,0,Y,0,0,Y,N,0,0,Y,-2,126,0,20200617124107,Y,4,8,Y,A1200022,230
연세대학교의과대학강남세브란스병원,02-2019-3333,A1100015,0,Y,Y,0,0,0,0,Y,2,Y,0,0,Y,N,0,0,Y,-15,26,1,20200617123941,Y,6,0,Y,A1100015,231
삼성서울병원,02-3410-2060,A1100010,0,Y,Y,0,6,9,0,Y,4,Y,0,0,Y,N,0,1,Y,12,303,2,20200617123647,Y,11,13,Y,A1100010,232
강동경희대학교의대병원,02-440-8282,A1100043,0,Y,Y,0,0,0,0,Y,0,Y,0,0,Y,N,0,0,Y,13,91,10,20200617065032,Y,2,13,Y,A1100043,233
성심의료재단강동성심병원,02-2224-2358,A1100028,0,Y,Y,0,0,6,0,Y,0,Y,0,0,Y,N,0,0,Y,14,108,0,20200617123711,Y,3,2,Y,A1100028,234
한국보훈복지의료공단중앙보훈병원,02-2225-1100,A1100053,0,0,0,0,4,7,0,Y,1,Y,0,0,Y,N,0,0,Y,-1,137,0,20200617122353,Y,0,8,Y,A1100053,235
의료법인성화의료재단대한병원,02-905-9110,A1100030,0,0,0,0,0,0,0,Y,0,Y,0,0,Y,N,0,0,Y,7,33,5,20200617123836,Y,0,3,Y,A1100030,236
이화여자대학교의과대학부속서울병원,02-6986-5119,A1120796,0,0,Y,0,0,5,0,Y,0,Y,0,0,Y,N,0,0,Y,1,187,0,20200617124106,Y,0,4,Y,A1120796,237
부민병원,02-2620-0119,A1100036,0,0,0,0,0,0,0,Y,0,0,0,0,Y,N,0,0,Y,8,37,4,20200617124109,Y,0,1,Y,A1100036,238
에이치플러스양지병원,070-4665-9119,A1100041,0,0,0,0,0,0,0,Y,0,Y,0,0,Y,N,0,0,Y,17,45,6,20200617124109,Y,0,4,Y,A1100041,239
건국대학교병원,02-2030-5555,A1100002,0,Y,Y,0,1,1,0,Y,0,Y,0,0,Y,N,0,0,Y,14,179,0,20200617123753,Y,2,5,Y,A1100002,240
혜민병원,02-2049-9119,A1100051,0,0,0,0,0,0,0,Y,0,0,0,0,Y,N,0,0,Y,9,69,4,20200617124035,Y,0,5,Y,A1100051,241
구로성심병원,02-2067-1515,A1100026,0,0,0,0,0,0,0,Y,0,0,0,0,Y,N,0,0,Y,4,35,0,20200617124031,Y,0,3,Y,A1100026,242
고려대학교의과대학부속구로병원,02-2626-2115,A1100014,0,Y,Y,0,1,5,0,Y,0,Y,0,0,Y,N,0,0,Y,9,217,1,20200617123901,Y,2,3,Y,A1100014,243
희명병원,02-809-0122,A1100049,0,0,0,0,0,0,0,Y,0,Y,0,0,Y,N,0,0,Y,8,61,1,20200617114528,Y,0,3,Y,A1100049,244
한국원자력의학원원자력병원,02-970-2621,A1100027,0,0,Y,0,0,0,0,Y,0,Y,0,0,Y,N,0,0,Y,11,122,5,20200617124142,Y,0,3,Y,A1100027,245
인제대학교상계백병원,02-950-1100,A1100016,0,Y,Y,0,3,4,0,Y,2,Y,0,0,Y,N,0,0,Y,4,86,0,20200617124134,Y,2,6,Y,A1100016,246
노원을지대학교병원,02-970-8282,A1100048,0,Y,Y,0,9,7,0,Y,0,Y,0,0,Y,N,0,0,Y,15,123,0,20200617124108,Y,5,6,Y,A1100048,247
의료법인한전의료재단한일병원,02-901-3000,A1100020,0,Y,Y,0,0,0,0,Y,0,Y,0,0,Y,N,0,0,Y,9,57,1,20200617124003,Y,3,7,Y,A1100020,248
경희대학교병원,02-958-8282,A1100001,0,Y,Y,0,0,0,0,Y,3,Y,0,0,Y,N,0,0,Y,9,113,1,20200617124109,Y,5,3,Y,A1100001,249
삼육서울병원,02-2210-3566,A1100021,0,0,N,0,0,0,0,Y,0,Y,0,0,Y,N,0,0,Y,12,74,1,20200617124001,Y,4,5,Y,A1100021,250
서울특별시동부병원,02-920-9119,A1100022,0,0,0,0,0,0,0,Y,0,0,0,0,Y,N,0,0,Y,7,37,1,20200617124004,Y,0,2,Y,A1100022,251
서울성심병원,02-966-1616,A1100050,0,0,0,0,0,0,0,Y,0,0,0,0,Y,N,0,0,Y,5,69,5,20200617124239,Y,0,3,Y,A1100050,252
서울특별시보라매병원,02-870-2119,A1100040,0,Y,Y,0,2,10,0,Y,0,Y,0,0,Y,N,0,0,Y,2,180,0,20200617124001,Y,6,2,Y,A1100040,253
중앙대학교병원,02-6299-1339,A1100003,0,Y,Y,0,3,1,0,Y,0,Y,0,0,Y,N,0,0,Y,3,127,0,20200617124103,Y,3,2,Y,A1100003,254
학교법인연세대학교의과대학세브란스병원,02-2227-7777,A1100007,0,Y,Y,0,3,8,0,Y,2,Y,0,0,Y,N,3,0,Y,-2,76,0,20200617123946,Y,2,8,Y,A1100007,255
의료법인동신의료재단동신병원,02-396-9161,A1100025,0,0,0,0,0,0,0,Y,0,0,0,0,Y,N,0,0,Y,10,47,4,20200617124040,Y,0,4,Y,A1100025,256
학교법인가톨릭학원가톨릭대학교서울성모병원,02-2258-2370,A1100012,0,Y,Y,0,0,14,0,Y,3,Y,0,0,Y,N,0,3,Y,-1,226,0,20200617124110,Y,14,5,Y,A1100012,257
한양대학교병원,02-2290-8284,A1100013,0,Y,Y,0,1,4,0,Y,0,Y,0,0,Y,N,0,0,Y,15,153,0,20200617123902,Y,2,5,Y,A1100013,258
(학)고려대학교의과대학부속병원(안암병원),02-920-5374,A1100008,0,Y,Y,0,0,0,0,Y,0,Y,0,0,Y,N,0,0,Y,9,32,0,20200617123901,Y,0,3,Y,A1100008,259
경찰병원,02-3400-1300,A1100039,0,0,0,0,0,0,0,Y,0,0,0,0,Y,N,0,0,Y,9,54,12,20200617124002,Y,0,6,Y,A1100039,260
재단법인아산사회복지재단서울아산병원,02-3010-3333,A1100009,0,Y,Y,0,4,0,0,Y,0,Y,0,0,Y,N,5,-1,Y,-5,366,0,20200617124129,Y,8,7,Y,A1100009,261
홍익병원,02-2600-0777,A1100019,0,0,0,0,0,0,0,Y,0,Y,0,0,Y,N,0,0,Y,9,89,6,20200617124058,Y,0,0,Y,A1100019,262
서울특별시서남병원,NA,A1100223,0,0,0,0,0,0,0,Y,0,0,0,0,Y,N,0,0,Y,7,153,15,20200617124000,Y,0,5,Y,A1100223,263
이화여자대학교의과대학부속목동병원,02-2650-5911,A1100005,0,Y,Y,0,0,2,0,Y,0,Y,0,0,Y,N,0,0,Y,5,163,0,20200617124101,Y,6,4,Y,A1100005,264
가톨릭대학교여의도성모병원,02-3779-1188,A1100011,0,Y,Y,0,1,0,0,Y,7,Y,0,0,Y,N,0,0,Y,9,80,0,20200617124109,Y,0,5,Y,A1100011,265
명지성모병원,02-829-7800,A1100024,0,0,0,0,0,0,0,Y,0,Y,0,0,Y,N,0,0,Y,7,62,0,20200617123949,Y,0,3,Y,A1100024,266
대림성모병원,02-829-9129,A1100037,0,0,0,0,0,0,0,Y,0,0,0,0,Y,N,0,0,Y,9,101,0,20200617124000,Y,0,2,Y,A1100037,267
한림대학교강남성심병원,02-829-5119,A1100055,0,Y,Y,0,2,8,0,Y,0,Y,0,0,Y,N,0,0,Y,11,88,0,20200617123806,Y,2,1,Y,A1100055,268
성애의료재단성애병원,02-840-7115,A1100054,0,Y,Y,0,0,0,0,Y,0,Y,0,0,Y,N,0,0,Y,17,88,7,20200617124131,Y,6,5,Y,A1100054,269
순천향대학교 부속 서울병원,02-709-9117-9,A1100004,0,Y,Y,0,0,0,0,Y,0,Y,0,0,Y,N,0,0,Y,23,143,3,20200617123923,Y,5,3,Y,A1100004,270
가톨릭대학교 은평성모병원,18117755,A1121013,0,Y,Y,0,2,5,0,Y,4,Y,0,0,Y,N,0,0,Y,15,162,3,20200617124109,Y,8,8,Y,A1121013,271
의료법인청구성심병원,02-383-0129,A1100023,0,0,0,0,0,0,0,Y,0,0,0,0,Y,N,0,0,Y,8,39,3,20200617124100,Y,0,3,Y,A1100023,272
서울대학교병원,02-2072-2475,A1100017,0,Y,Y,0,1,10,0,Y,0,Y,0,0,Y,N,2,4,Y,-22,171,6,20200617124133,Y,5,52,Y,A1100017,273
강북삼성병원,02-2001-1000,A1100006,0,Y,Y,0,4,1,0,Y,0,Y,0,0,Y,N,0,0,Y,4,107,0,20200617124143,Y,3,3,Y,A1100006,274
서울적십자병원,NA,A1100029,0,0,0,0,0,0,0,Y,0,0,0,0,Y,N,0,0,Y,10,128,10,20200617123747,Y,0,2,Y,A1100029,275
세란병원,02-737-0181,A1100032,0,0,0,0,0,0,0,Y,0,0,0,0,Y,N,0,0,Y,10,36,0,20200617124145,Y,0,3,Y,A1100032,276
인제대학교서울백병원,02-2270-0119,A1100033,0,0,0,0,0,0,0,Y,0,Y,0,0,Y,N,0,0,Y,17,27,2,20200617123900,Y,0,1,Y,A1100033,277
의료법인풍산의료재단동부제일병원,02-490-8880,A1100075,0,0,0,0,0,0,0,Y,0,0,0,0,Y,N,0,0,Y,7,50,0,20200617124047,Y,0,1,Y,A1100075,278
녹색병원,02-490-2112-3,A1100044,0,0,0,0,0,0,0,Y,0,0,0,0,Y,N,0,0,Y,6,85,6,20200617124000,Y,0,3,Y,A1100044,279
서울특별시서울의료원,NA,A1100035,0,Y,Y,0,7,0,0,Y,5,Y,0,0,Y,N,0,0,Y,16,378,0,20200617124000,Y,4,7,Y,A1100035,280
엔케이(NK)세종병원,044-850-7704,A1800417,0,0,0,0,0,0,0,Y,0,0,0,0,Y,N,0,0,Y,7,65,0,20200617124042,Y,0,2,Y,A1800417,281
의료법인 정안의료재단 중앙병원,052-226-1119,A1700028,0,0,0,0,0,0,0,Y,0,Y,0,0,Y,N,0,0,Y,12,46,0,20200617123817,Y,0,5,Y,A1700028,282
의료법인 은성의료재단 좋은삼정병원,052-220-7600,A1700011,0,0,0,0,0,0,0,Y,0,0,0,0,Y,N,0,0,Y,9,63,1,20200617124056,Y,0,2,Y,A1700011,283
의료법인혜명심의료재단 울산병원,052-259-5119,A1700003,0,0,0,0,0,0,0,Y,0,Y,0,0,Y,N,0,0,Y,9,71,4,20200617124002,Y,0,2,Y,A1700003,284
학교법인 울산공업학원 울산대학교병원,052-250-7000,A1700004,0,Y,Y,0,0,5,0,Y,0,Y,0,8,Y,N,0,1,Y,1,163,0,20200617124141,Y,2,6,Y,A1700004,285
의료법인송은의료재단울산시티병원,052-280-9119,A1700025,0,0,0,0,0,0,0,Y,0,0,0,0,Y,N,0,0,Y,8,23,0,20200617124009,Y,0,5,Y,A1700025,286
서울산보람병원,052-255-7119,A1700001,0,0,0,0,0,0,0,Y,0,0,0,0,Y,N,0,0,Y,9,63,0,20200617123930,Y,0,1,Y,A1700001,287
의료법인 동강의료재단 동강병원,052-241-1190,A1700002,0,0,0,0,0,0,0,Y,0,Y,0,0,Y,N,0,0,Y,24,87,0,20200617123739,Y,0,3,Y,A1700002,288
비에스종합병원,032-290-0119,A1403617,0,0,Y,0,0,0,0,Y,0,0,0,0,Y,N,0,0,Y,7,81,2,20200617124037,Y,1,2,Y,A1403617,289
메디플렉스 세종병원,032-240-8119,A1403372,0,0,0,0,0,0,0,Y,0,Y,0,0,Y,N,0,0,Y,15,99,3,20200617124108,Y,0,1,Y,A1403372,290
의료법인인성의료재단한림병원,032-540-9119,A1400014,0,0,0,0,0,0,0,Y,0,Y,0,0,Y,N,0,0,Y,16,93,11,20200617123726,Y,0,5,Y,A1400014,291
의료법인 길의료재단 길병원,032-460-3012,A1400001,0,Y,Y,0,0,1,0,Y,1,Y,0,8,Y,N,0,0,Y,3,282,0,20200617124304,Y,12,11,Y,A1400001,292
인천광역시의료원,032-580-6119,A1400017,0,0,0,0,0,0,0,Y,0,0,0,0,Y,N,0,0,Y,15,90,15,20200617124005,Y,0,6,Y,A1400017,293
의료법인 성수의료재단 인천백병원,032-280-8119,A1400007,0,Y,0,0,0,0,0,Y,0,0,0,0,Y,N,0,0,Y,5,97,6,20200617123906,Y,0,3,Y,A1400007,294
현대유비스병원,032-890-5582,A1400004,0,0,0,0,0,0,0,Y,0,Y,0,0,Y,N,0,0,Y,13,60,9,20200617122854,Y,0,6,Y,A1400004,295
인천사랑병원,032-457-2119,A1400016,0,0,Y,0,0,0,0,Y,0,Y,0,0,Y,N,0,0,Y,12,55,13,20200617124032,Y,0,6,Y,A1400016,296
가톨릭대학교인천성모병원,032-280-6107,A1400012,0,Y,Y,0,0,3,0,Y,2,Y,0,0,Y,N,0,0,Y,5,216,0,20200617124109,Y,9,5,Y,A1400012,297
근로복지공단인천병원,032-500-0119,A1400032,0,0,0,0,0,0,0,Y,0,0,0,0,Y,N,0,0,Y,5,60,16,20200617124000,Y,0,3,Y,A1400032,298
안은의료재단 부평세림병원,032-509-5777,A1400013,0,0,0,0,0,0,0,Y,0,0,0,0,Y,N,0,0,Y,17,77,4,20200617123758,Y,0,3,Y,A1400013,299
가톨릭관동대학교국제성모병원,032-290-3065,A1400015,0,Y,Y,0,-1,0,0,Y,0,Y,0,0,Y,N,0,0,Y,13,140,6,20200617124114,Y,0,1,Y,A1400015,300
온누리병원,032-568-9111,A1400005,0,0,0,0,0,0,0,Y,0,0,0,0,Y,N,0,0,Y,12,53,0,20200617124035,Y,0,3,Y,A1400005,301
의료법인루가의료재단나은병원,032-584-4119,A1400003,0,0,0,0,0,0,0,Y,0,Y,0,0,Y,N,0,0,Y,18,122,10,20200617124138,Y,0,6,Y,A1400003,302
검단탑병원,032-590-0077,A1400010,0,0,0,0,0,0,0,Y,0,Y,0,0,Y,N,0,0,Y,15,82,3,20200617123639,Y,0,4,Y,A1400010,303
의료법인성세의료재단뉴성민병원,032-726-1190,A1400008,0,0,0,0,0,0,0,Y,0,0,0,0,Y,N,0,0,Y,8,49,0,20200617123619,Y,0,5,Y,A1400008,304
의료법인 나사렛의료재단 나사렛국제병원,032-899-9699,A1400011,0,0,0,0,0,0,0,Y,0,Y,0,0,Y,N,0,0,Y,18,64,4,20200617123914,Y,0,2,Y,A1400011,305
인천광역시의료원백령병원,032-836-1732,A1400037,0,Y,Y,0,0,0,0,Y,0,0,0,0,Y,N,0,0,Y,6,30,0,20200617124005,N1,0,1,Y,A1400037,306
인천기독병원,032-270-8300,A1400009,0,0,0,0,0,0,0,Y,0,0,0,0,Y,N,0,0,Y,10,69,2,20200617123315,Y,0,4,Y,A1400009,307
인하대학교의과대학부속병원,032-890-2301,A1400002,0,Y,Y,0,1,3,0,Y,0,Y,0,0,Y,N,0,0,Y,4,181,0,20200617123948,Y,5,4,Y,A1400002,308
전라남도강진의료원,061-430-1109,A2600050,0,0,Y,0,0,0,0,Y,0,0,0,0,Y,N,0,0,Y,9,71,0,20200617124001,Y,0,3,Y,A2600050,309
의료법인영성의료재단고흥종합병원,061-830-3118,A2600018,0,0,Y,0,0,0,0,Y,0,0,0,0,Y,N,0,0,Y,9,129,4,20200617123051,Y,0,3,Y,A2600018,310
의료법인장호의료재단녹동현대병원,061-840-1119,A2600068,0,0,0,0,0,0,0,Y,0,0,0,0,Y,N,0,0,Y,4,37,0,20200617124011,Y,0,2,Y,A2600068,311
곡성사랑병원,061-360-6009,A2600029,0,0,0,0,0,0,0,Y,0,0,0,0,Y,N,0,0,Y,6,6,0,20200617124058,N1,0,1,Y,A2600029,312
광양사랑병원,061-797-7119,A2600006,0,0,0,0,0,0,0,Y,0,0,0,0,Y,N,0,0,Y,10,63,4,20200617124143,Y,0,0,Y,A2600006,313
구례병원,061-783-9119,A2600061,0,0,0,0,0,0,0,Y,0,0,0,0,Y,N,0,0,Y,10,26,0,20200617123853,N1,0,1,Y,A2600061,314
나주종합병원,061-330-6112,A2600016,0,0,0,0,0,0,0,Y,0,0,0,0,Y,N,0,0,Y,8,42,0,20200617123547,Y,0,1,Y,A2600016,315
담양사랑병원,061-380-9119,A2600054,0,0,0,0,0,0,0,Y,0,0,0,0,Y,N,0,0,Y,6,34,0,20200617123906,N1,0,2,Y,A2600054,316
전남중앙병원,061-260-3119,A2600053,0,0,0,0,0,0,0,Y,0,0,0,0,Y,N,0,0,Y,10,55,0,20200617124109,Y,0,3,Y,A2600053,317
의료법인해민의료재단 세안종합병원,061-260-6666,A2600007,0,0,0,0,0,0,0,Y,0,0,0,0,Y,N,0,0,Y,9,56,3,20200617124126,Y,0,2,Y,A2600007,318
목포기독병원,061-280-7119,A2600020,0,0,0,0,0,0,0,Y,0,0,0,0,Y,N,0,0,Y,14,76,3,20200617123847,Y,0,3,Y,A2600020,319
목포한국병원,061-270-5666,A2600011,0,Y,Y,0,0,0,0,Y,0,Y,0,8,Y,N,0,0,Y,8,77,4,20200617124112,Y,0,5,Y,A2600011,320
의료법인목포구암의료재단 목포중앙병원,061-280-3119,A2600017,0,0,0,0,0,0,0,Y,0,Y,0,0,Y,N,0,0,Y,18,92,5,20200617123718,Y,0,4,Y,A2600017,321
목포시의료원,061-260-6400,A2600022,0,0,0,0,0,0,0,Y,0,0,0,0,Y,N,0,0,Y,9,57,0,20200617123002,Y,0,2,Y,A2600022,322
대송의료재단무안병원,061-450-3119,A2600003,0,0,0,0,0,0,0,Y,0,0,0,0,Y,N,0,0,Y,3,92,2,20200617123838,N,0,2,Y,A2600003,323
보성아산병원,061-850-3119,A2600052,0,0,0,0,0,0,0,Y,0,0,0,0,Y,N,0,0,Y,9,5,0,20200617124001,N1,0,2,Y,A2600052,324
의료법인삼호의료재단벌교삼호병원,061-859-5119,A2600066,0,0,0,0,0,0,0,Y,0,0,0,0,Y,N,0,0,Y,8,78,0,20200617123455,N1,0,1,Y,A2600066,325
순천제일병원,061-720-3800,A2600008,0,0,0,0,0,0,0,Y,0,0,0,0,Y,N,0,0,Y,9,33,0,20200617123801,Y,0,1,Y,A2600008,326
전라남도순천의료원,061-759-9119,A2600056,0,0,0,0,0,0,0,Y,0,0,0,0,Y,N,0,0,Y,10,43,5,20200617124001,Y,0,3,Y,A2600056,327
성가롤로병원,061-720-6119,A2600019,0,N,Y,0,3,3,0,Y,0,Y,0,0,Y,N,0,0,Y,13,90,0,20200617124118,Y,0,8,Y,A2600019,328
의료법인한국의료재단한국병원,061-740-5119,A2600005,0,0,0,0,0,0,0,Y,0,0,0,0,Y,N,0,0,Y,9,68,8,20200617124121,Y,0,3,Y,A2600005,329
근로복지공단 순천병원,061-720-7539,A2600012,0,0,0,0,0,0,0,Y,0,0,0,0,Y,N,0,0,Y,5,81,1,20200617123900,Y,0,3,Y,A2600012,330
의료법인신안대우병원,061-262-3309,A2600051,0,0,0,0,0,0,0,Y,0,0,0,0,Y,N,0,0,Y,4,24,0,20200617123650,N1,0,0,Y,A2600051,331
여천전남병원,061-690-6118,A2600014,0,0,0,0,0,0,0,Y,0,Y,0,0,Y,N,0,0,Y,18,66,7,20200617124100,Y,0,0,Y,A2600014,332
의료법인한마음의료재단여수제일병원,061-689-8119,A2600027,0,0,Y,0,0,0,0,Y,0,0,0,0,Y,N,0,0,Y,6,132,0,20200617124048,Y,0,2,Y,A2600027,333
여수전남병원,061-640-7119,A2600010,0,0,0,0,0,0,0,Y,0,0,0,0,Y,N,0,0,Y,8,45,4,20200617124117,Y,0,3,Y,A2600010,334
의료법인 거명의료재단 영광기독병원,061-350-3080,A2600034,0,0,0,0,0,0,0,Y,0,0,0,0,Y,N,0,0,Y,10,49,1,20200617123828,Y,0,2,Y,A2600034,335
영광종합병원,061-350-8129,A2600015,0,0,Y,0,0,0,0,Y,0,0,0,0,Y,N,0,0,Y,6,14,0,20200617123640,Y,0,3,Y,A2600015,336
완도대성병원,061-554-9500,A2600032,0,0,0,0,0,0,0,Y,0,0,0,0,Y,N,0,0,Y,5,57,0,20200617124006,N1,0,1,Y,A2600032,337
의료법인행복나눔의료재단 장성병원,061-390-9119,A2600035,0,0,0,0,0,0,0,Y,0,0,0,0,Y,N,0,0,Y,5,11,0,20200617123916,N1,0,1,Y,A2600035,338
의료법인 우범의료재단 장흥종합병원,061-860-1119,A2600021,0,0,0,0,0,0,0,Y,0,0,0,0,Y,N,0,0,Y,7,37,0,20200617123445,Y,0,2,Y,A2600021,339
장흥우리병원,061-860-0119,A2600037,0,0,0,0,0,0,0,Y,0,0,0,0,Y,N,0,0,Y,10,28,0,20200617123456,N1,0,2,Y,A2600037,340
진도한국병원,061-542-7575,A2600040,0,0,0,0,0,0,0,Y,0,0,0,0,Y,N,0,0,Y,5,39,0,20200617123855,N1,0,1,Y,A2600040,341
해남우리종합병원,061-530-7119,A2600077,0,0,0,0,0,0,0,Y,0,0,0,0,Y,N,0,0,Y,15,26,5,20200617122952,Y,0,1,Y,A2600077,342
의료법인행촌의료재단해남종합병원,061-530-0119,A2600009,0,0,0,0,0,0,0,Y,0,0,0,0,Y,N,0,0,Y,9,89,10,20200617124007,Y,0,3,Y,A2600009,343
화순전남대학교병원,061-379-8882,A2600001,0,Y,Y,0,7,9,0,Y,0,Y,0,0,Y,N,0,0,Y,1,94,0,20200617123846,Y,1,4,Y,A2600001,344
화순고려병원,061-370-3778,A2600048,0,0,0,0,0,0,0,Y,0,0,0,0,Y,N,0,0,Y,8,1,0,20200617123835,Y,0,1,Y,A2600048,345
의료법인석천재단고창병원,063-560-5558,A2500009,0,0,0,0,0,0,0,Y,0,0,0,0,Y,N,0,0,Y,7,87,0,20200617124136,Y,0,2,Y,A2500009,346
전라북도군산의료원,063-472-5130,A2500007,0,0,Y,0,0,0,0,Y,0,0,0,0,Y,N,0,0,Y,8,108,12,20200617123002,Y,0,3,Y,A2500007,347
의료법인오성의료재단동군산병원,063-440-0515,A2500012,0,0,0,0,0,0,0,Y,0,Y,0,0,Y,N,0,0,Y,19,56,1,20200617124136,Y,0,5,Y,A2500012,348
전라북도 남원의료원,063-620-1119,A2500004,0,0,Y,0,0,0,0,Y,0,0,0,0,Y,N,0,0,Y,18,113,9,20200617123502,Y,0,3,Y,A2500004,349
무주군보건의료원,063-320-8315,E2500019,0,0,0,0,0,0,0,Y,0,0,0,0,Y,N,0,0,Y,4,0,0,20200617123811,N1,0,0,Y,E2500019,350
의료법인혜성병원,063-583-5001,A2500018,0,0,0,0,0,0,0,Y,0,0,0,0,Y,N,0,0,Y,12,49,0,20200617123937,Y,0,1,Y,A2500018,351
부안성모병원,063-580-8119,A2500010,0,0,0,0,0,0,0,Y,0,0,0,0,Y,N,0,0,Y,12,36,4,20200617124020,Y,0,3,Y,A2500010,352
순창군보건의료원,063-650-5352,E2500021,0,0,0,0,0,0,0,Y,0,0,0,0,Y,N,0,0,Y,10,0,0,20200617123811,N1,0,0,Y,E2500021,353
원광대학교병원,063-859-1165,A2500001,0,Y,Y,0,1,0,0,Y,0,Y,0,3,Y,N,0,0,Y,-24,73,0,20200617124001,Y,10,5,Y,A2500001,354
의료법인대산의료재단익산병원,063-840-9112,A2500011,0,0,0,0,0,0,0,Y,0,0,0,0,Y,N,0,0,Y,18,41,7,20200617124102,Y,0,5,Y,A2500011,355
임실군보건의료원,063-640-3119,E2500022,0,0,0,0,0,0,0,0,0,0,0,0,Y,N,0,0,N1,3,0,0,20200617123811,N1,0,0,Y,E2500022,356
장수군보건의료원,063-350-2119,E2500020,0,0,0,0,0,0,0,0,0,0,0,0,Y,N,0,0,N1,5,0,0,20200617123811,N1,0,0,Y,E2500020,357
전북대학교병원,063-250-1131,A2500002,0,Y,Y,0,1,0,0,Y,3,Y,0,0,Y,N,0,0,Y,-9,180,0,20200617124144,Y,10,10,Y,A2500002,358
대자인병원,063-250-8701,A2500056,0,0,0,0,1,0,0,Y,0,Y,0,0,Y,N,0,0,Y,15,31,7,20200617123501,Y,0,4,Y,A2500056,359
의료법인영경의료재단호성전주병원,063-240-8862,A2501890,0,0,0,0,0,0,0,Y,0,0,0,0,Y,N,0,0,Y,9,10,0,20200617123346,Y,0,1,Y,A2501890,360
재단법인예수병원유지재단예수병원,063-230-8280,A2500006,0,Y,Y,0,0,0,0,Y,7,Y,0,0,Y,N,0,0,Y,25,153,12,20200617124146,Y,8,5,Y,A2500006,361
의료법인영경의료재단전주병원,063-226-6119,A2500005,0,0,0,0,0,0,0,Y,0,0,0,0,Y,N,0,0,Y,17,24,4,20200617123927,Y,0,2,Y,A2500005,362
재단법인 아산사회복지재단 정읍아산병원,063-530-6129,A2500008,0,0,0,0,0,0,0,Y,0,0,0,0,Y,N,0,0,Y,18,18,6,20200617124002,Y,0,3,Y,A2500008,363
진안군의료원,063-430-7119,A2502031,0,0,0,0,0,0,0,Y,0,0,0,0,Y,N,0,0,Y,6,47,0,20200617124001,N1,0,2,Y,A2502031,364
제주특별자치도 서귀포의료원,064-730-3001,A2900002,0,0,Y,0,0,0,0,Y,0,Y,0,0,Y,N,0,0,Y,18,91,4,20200617123002,Y,0,4,Y,A2900002,365
제주한라병원,064-740-5159,A2900001,0,Y,Y,0,0,0,0,Y,0,Y,0,7,Y,N,0,0,Y,12,42,3,20200617123808,Y,0,6,Y,A2900001,366
한국병원,064-750-0119,A2900003,0,0,0,0,0,0,0,Y,0,0,0,0,Y,N,0,0,Y,9,74,4,20200617124133,Y,0,2,Y,A2900003,367
제주대학교병원,064-717-1903,A2900007,0,Y,Y,0,0,1,0,Y,0,Y,0,0,Y,N,0,0,Y,2,139,0,20200617124123,Y,9,4,Y,A2900007,368
한마음병원,064-750-9846,A2900005,0,0,0,0,0,0,0,Y,0,Y,0,0,Y,N,0,0,Y,6,36,4,20200617124448,Y,0,4,Y,A2900005,369
의료법인 중앙의료재단 중앙병원,064-786-7119,A2900006,0,0,0,0,0,0,0,Y,0,Y,0,0,Y,N,0,0,Y,15,112,10,20200617124024,Y,0,6,Y,A2900006,370
충청남도공주의료원,041-962-1365,A2400010,0,0,0,0,0,0,0,Y,0,0,0,0,Y,N,0,0,Y,12,133,0,20200617123602,Y,0,6,Y,A2400010,371
의료법인백제병원,041-730-8888,A2400009,0,0,0,0,0,0,0,Y,0,Y,0,0,Y,N,0,0,Y,12,134,2,20200617123909,Y,0,3,Y,A2400009,372
당진종합병원,070-7332-8248,A2400008,0,0,0,0,0,0,0,Y,0,0,0,0,Y,N,0,0,Y,15,107,0,20200617124122,Y,0,2,Y,A2400008,373
재단법인아산사회복지재단보령아산병원,041-930-5333,A2400011,0,0,0,0,0,0,0,Y,0,0,0,0,Y,N,0,0,Y,7,31,2,20200617124002,Y,0,2,Y,A2400011,374
학교법인건양학원건양대학교부여병원,041-837-1201,A2400038,0,0,0,0,0,0,0,Y,0,0,0,0,Y,N,0,0,Y,9,8,0,20200617124025,N1,0,1,Y,A2400038,375
서산중앙병원,041-661-1195,A2400003,0,0,0,0,0,0,0,Y,0,0,0,0,Y,N,0,0,Y,8,25,9,20200617124340,Y,0,2,Y,A2400003,376
충청남도서산의료원,041-689-7119,A2400006,0,0,0,0,0,0,0,Y,0,0,0,0,Y,N,0,0,Y,17,21,3,20200617124102,Y,0,3,Y,A2400006,377
의료법인서해병원,041-950-0219,A2400044,0,0,0,0,0,0,0,Y,0,0,0,0,Y,N,0,0,Y,5,38,0,20200617123446,N1,0,0,Y,A2400044,378
아산충무병원,041-536-6519,A2402257,0,0,0,0,0,0,0,Y,0,Y,0,0,Y,N,0,0,Y,11,172,7,20200617124020,Y,0,1,Y,A2402257,379
단국대학교의과대학부속병원,041-550-6840,A2400002,0,Y,Y,0,0,-1,0,Y,1,Y,0,3,Y,N,0,0,Y,16,62,0,20200617124126,Y,2,5,Y,A2400002,380
학교법인동은학원순천향대학교부속천안병원,041-570-2299,A2400001,0,Y,Y,0,1,-1,0,Y,0,Y,0,0,Y,N,0,0,Y,13,90,4,20200617124034,Y,1,2,Y,A2400001,381
충청남도천안의료원,NA,A2400005,0,0,0,0,0,0,0,Y,0,0,0,0,Y,N,0,0,Y,12,213,0,20200617124002,Y,0,4,Y,A2400005,382
의료법인영서의료재단천안충무병원,041-570-7519,A2400012,0,0,0,0,0,0,0,Y,0,Y,0,0,Y,N,0,0,Y,14,51,3,20200617123850,Y,0,3,Y,A2400012,383
청양군보건의료원,041-940-4951,E2400032,0,0,0,0,0,0,0,0,0,0,0,0,Y,N,0,0,N1,6,0,0,20200617123811,N1,0,1,Y,E2400032,384
태안군보건의료원,041-671-5319,E2400033,0,0,0,0,0,0,0,Y,0,0,0,0,Y,N,0,0,Y,10,0,0,20200617123811,N1,0,0,Y,E2400033,385
충청남도홍성의료원,041-630-6119,A2400007,0,0,0,0,0,0,0,Y,0,Y,0,0,Y,N,0,0,Y,14,141,6,20200617123902,Y,0,4,Y,A2400007,386
의료법인대광의료재단괴산성모병원,043-830-5411,A2300034,0,0,0,0,0,0,0,Y,0,0,0,0,Y,N,0,0,Y,10,41,0,20200617124204,Y,0,1,Y,A2300034,387
의료법인조윤의료재단영동병원,043-740-9333,A2300030,0,0,Y,0,0,0,0,Y,0,0,0,0,Y,N,0,0,Y,9,45,0,20200617124002,Y,0,2,Y,A2300030,388
의료법인힐링의료재단옥천성모병원,043-730-7119,A2300011,0,0,0,0,0,0,0,Y,0,0,0,0,Y,N,0,0,Y,7,23,2,20200617123916,Y,0,2,Y,A2300011,389
의료법인태성의료재단금왕태성병원,043-881-8801,A2300015,0,0,0,0,0,0,0,Y,0,0,0,0,Y,N,0,0,Y,9,46,0,20200617123954,Y,0,1,Y,A2300015,390
의료법인명지의료재단명지병원,043-640-8117,A2300009,0,0,0,0,0,0,0,Y,0,Y,0,0,Y,N,0,0,Y,6,16,2,20200617123817,Y,0,3,Y,A2300009,391
의료법인자산의료재단제천서울병원,043-643-2327,A2300005,0,0,0,0,0,0,0,Y,0,0,0,0,Y,N,0,0,Y,15,41,0,20200617123953,Y,0,2,Y,A2300005,392
의료법인건명의료재단진천성모병원,043-537-9119,A2300013,0,0,0,0,0,0,0,Y,0,0,0,0,Y,N,0,0,Y,11,97,1,20200617123714,Y,0,3,Y,A2300013,393
의료법인인화재단한국병원,043-222-6177,A2300007,0,0,Y,0,0,0,0,Y,0,Y,0,0,Y,N,0,0,Y,11,57,2,20200617123849,Y,0,2,Y,A2300007,394
의료법인정산의료재단효성병원,043-222-8275,A2300003,0,0,N,0,0,0,0,Y,0,Y,0,0,Y,N,0,0,Y,15,115,19,20200617123918,Y,0,3,Y,A2300003,395
충북대학교병원,043-269-6993,A2300001,0,Y,Y,0,0,0,0,Y,0,Y,0,9,Y,N,0,0,Y,13,46,7,20200617123919,Y,6,4,Y,A2300001,396
충청북도청주의료원,NA,A2300006,0,0,Y,0,0,0,0,Y,0,Y,0,0,Y,N,0,0,Y,9,275,13,20200617124002,Y,0,5,Y,A2300006,397
청주성모병원,043-219-8119,A2300008,0,0,Y,0,5,9,0,Y,0,Y,0,0,Y,N,0,0,Y,9,154,0,20200617124010,Y,0,5,Y,A2300008,398
의료법인한마음의료재단하나병원,043-230-6122,A2300002,0,0,0,0,0,0,0,Y,0,Y,0,0,Y,N,0,0,Y,1,73,2,20200617123942,Y,0,3,Y,A2300002,399
재단법인베스티안재단베스티안병원,043-904-8925,A2302011,0,0,0,0,0,0,0,Y,0,0,0,0,Y,N,0,0,Y,6,146,5,20200617120454,Y,0,4,Y,A2302011,400
건국대학교의료원충주병원,043-840-8330,A2300010,0,Y,Y,0,0,0,0,Y,0,Y,0,0,Y,N,0,0,Y,9,14,5,20200617124001,Y,0,3,Y,A2300010,401
충청북도충주의료원,043-871-9119,A2300004,0,0,0,0,0,0,0,Y,0,Y,0,0,Y,N,0,0,Y,9,122,1,20200617124002,Y,0,4,Y,A2300004,402
